,Condition,Generalization,Modality,Numeric quantifier,Num Vague Terms
"Biugo-videomaker,photovideomaker,videoeditor.txt",13.68421052631579,2.1052631578947367,65.26315789473684,18.94736842105263,95
"AmazonShopping,UPI,MoneyTransfer,BillPayment.txt",4.615384615384615,3.076923076923077,56.92307692307692,35.38461538461539,65
AmazonPrimeVideo.txt,4.411764705882353,2.9411764705882355,58.8235294117647,33.8235294117647,68
"AirtelThanks-Recharge,BillPay,Bank,LiveTV.txt",5.128205128205129,0.0,82.05128205128206,12.820512820512821,39
AJIOOnlineShopping-HandpickedCuratedFashion.txt,5.2631578947368425,3.508771929824561,75.43859649122807,15.789473684210526,57
